id,first_name,last_name,email,gender,ip_address
1,Morty,Claibourn,mclaibourn0@liveinternet.ru,Male,153.186.99.205
2,Shea,Sallnow,ssallnow1@sogou.com,Male,51.94.78.27
3,Octavia,Gainforth,ogainforth2@addtoany.com,Female,2.78.212.207
4,Pen,Slatcher,pslatcher3@gmpg.org,Female,94.245.189.88
5,Hillel,Sprakes,hsprakes4@biblegateway.com,Male,61.50.87.47
6,Elana,Wigsell,ewigsell5@last.fm,Female,113.44.118.183
7,Sascha,Shurmer,sshurmer6@bizjournals.com,Male,47.83.127.111
8,Burton,Kanzler,bkanzler7@time.com,Male,109.205.229.162
9,Greggory,Endacott,gendacott8@unesco.org,Bigender,23.205.217.107
10,Leslie,Bruinemann,lbruinemann9@indiatimes.com,Female,35.114.72.126
11,Marilee,Bursnell,mbursnella@creativecommons.org,Female,152.134.138.251
12,Rafaela,Dumbrall,rdumbrallb@cam.ac.uk,Female,203.81.235.199
13,Kurtis,Joll,kjollc@php.net,Male,61.168.208.71
14,Sanderson,Cherry,scherryd@mysql.com,Male,237.184.86.76
15,Antonietta,Roman,aromane@uol.com.br,Female,173.107.237.222
16,Hewie,Maunder,hmaunderf@msu.edu,Bigender,181.47.1.181
17,Joelle,Yakovl,jyakovlg@123-reg.co.uk,Female,0.77.2.137
18,Claudine,Flindall,cflindallh@example.com,Female,110.104.7.202
19,Caesar,Gauld,cgauldi@jiathis.com,Male,135.161.32.86
20,Nada,Byer,nbyerj@webeden.co.uk,Genderfluid,119.150.185.34
21,Judd,Roger,jrogerk@netvibes.com,Male,247.152.8.215
22,Miguela,Hedman,mhedmanl@instagram.com,Agender,31.48.119.26
23,Gibb,Gleadhall,ggleadhallm@businesswire.com,Male,146.72.39.192
24,Charley,Menere,cmeneren@last.fm,Non-binary,241.176.144.242
25,Keely,Rewcastle,krewcastleo@tinyurl.com,Female,160.118.58.211
26,Gradey,Goody,ggoodyp@boston.com,Male,43.79.70.240
27,Dosi,Adamou,dadamouq@godaddy.com,Female,25.154.206.250
28,Bridget,Ferrea,bferrear@comsenz.com,Female,225.166.69.56
29,Jackelyn,Da Costa,jdacostas@tripadvisor.com,Female,21.90.21.178
30,Marve,Solon,msolont@tiny.cc,Male,122.54.237.72
31,Ibby,Veldman,iveldmanu@flavors.me,Female,145.251.23.138
32,Rochette,Bruggen,rbruggenv@fema.gov,Female,14.29.217.3
33,Howie,Veldman,hveldmanw@columbia.edu,Male,68.19.131.177
34,Elfreda,Greensides,egreensidesx@hatena.ne.jp,Female,167.146.127.186
35,Kaleb,Popworth,kpopworthy@elegantthemes.com,Male,197.132.231.236
36,Nicolai,Eddoes,neddoesz@thetimes.co.uk,Bigender,87.19.115.80
37,Jens,Tosh,jtosh10@quantcast.com,Male,214.47.218.76
38,Isidoro,Danielczyk,idanielczyk11@telegraph.co.uk,Genderfluid,80.113.12.176
39,Clarinda,Beggan,cbeggan12@devhub.com,Female,220.249.232.90
40,Esther,McGreil,emcgreil13@virginia.edu,Female,14.249.216.108
41,Nil,Chennells,nchennells14@thetimes.co.uk,Polygender,58.10.167.14
42,Martainn,Pere,mpere15@list-manage.com,Male,235.205.169.118
43,Tawsha,Pavitt,tpavitt16@livejournal.com,Female,138.92.114.236
44,Anjanette,Iacobassi,aiacobassi17@people.com.cn,Female,199.25.241.167
45,Rozamond,Eastway,reastway18@ifeng.com,Female,45.40.147.101
46,See,Felderer,sfelderer19@tripadvisor.com,Male,255.26.186.184
47,Almeria,Giannotti,agiannotti1a@cdc.gov,Female,112.153.226.237
48,Bethany,Werrett,bwerrett1b@sitemeter.com,Female,79.219.1.216
49,Lynelle,Suggate,lsuggate1c@ehow.com,Female,201.177.207.189
50,Winni,Blakeslee,wblakeslee1d@mapy.cz,Female,236.182.37.144
51,Devinne,Pennrington,dpennrington1e@istockphoto.com,Female,184.101.251.74
52,Calla,Glide,cglide1f@businessweek.com,Female,123.207.164.49
53,Emilee,Betty,ebetty1g@google.ru,Female,105.132.88.204
54,Madge,Crilly,mcrilly1h@bing.com,Genderqueer,148.6.103.216
55,Joanie,Francie,jfrancie1i@icq.com,Non-binary,200.98.58.215
56,Tomaso,Duly,tduly1j@angelfire.com,Male,2.225.183.28
57,Park,Brandsma,pbrandsma1k@symantec.com,Genderqueer,128.74.25.220
58,Hillie,Dunphy,hdunphy1l@people.com.cn,Male,170.54.248.136
59,Bartholomew,Sirman,bsirman1m@ebay.com,Male,99.106.207.111
60,Mohandis,Bevans,mbevans1n@harvard.edu,Male,59.74.180.82
61,Ignace,Gawler,igawler1o@uiuc.edu,Male,186.251.125.89
62,Marilyn,Dankov,mdankov1p@tmall.com,Female,202.93.118.61
63,Willis,Deverale,wdeverale1q@youtube.com,Male,106.15.92.179
64,Gisele,Canti,gcanti1r@devhub.com,Female,47.247.176.88
65,Benjy,Siemens,bsiemens1s@intel.com,Male,109.153.176.78
66,Chariot,Widmore,cwidmore1t@cbc.ca,Male,131.55.91.80
67,Val,Woodson,vwoodson1u@statcounter.com,Male,7.51.121.98
68,Angelina,Saggers,asaggers1v@yandex.ru,Female,92.62.206.59
69,Broddy,MacNeilage,bmacneilage1w@friendfeed.com,Male,121.93.116.250
70,Sela,Brilon,sbrilon1x@ovh.net,Female,101.218.107.144
71,Carley,Kehri,ckehri1y@mapy.cz,Female,141.113.107.133
72,Emiline,Penquet,epenquet1z@shareasale.com,Female,113.254.57.189
73,Gill,Dolphin,gdolphin20@a8.net,Male,82.175.14.146
74,Carri,Pude,cpude21@ezinearticles.com,Female,61.167.19.67
75,Ediva,Tomblings,etomblings22@ning.com,Female,25.13.252.67
76,Gothart,McMarquis,gmcmarquis23@marriott.com,Male,226.117.192.40
77,Verge,Jammes,vjammes24@prlog.org,Genderqueer,44.45.47.160
78,Rubi,Webberley,rwebberley25@dyndns.org,Agender,224.84.241.104
79,Bren,Bahde,bbahde26@ezinearticles.com,Bigender,186.60.183.95
80,Grange,Horrod,ghorrod27@oakley.com,Male,188.220.67.189
81,Grace,MacEvilly,gmacevilly28@samsung.com,Female,1.52.102.194
82,Tally,Leathlay,tleathlay29@sohu.com,Male,120.69.192.61
83,Cece,Jacqueme,cjacqueme2a@indiegogo.com,Male,147.218.241.83
84,Celisse,Stegers,cstegers2b@acquirethisname.com,Female,214.64.151.248
85,Keelia,Elam,kelam2c@bandcamp.com,Female,209.75.108.160
86,Davida,Nucator,dnucator2d@pcworld.com,Female,7.72.151.52
87,Rodrique,Knight,rknight2e@sakura.ne.jp,Male,209.34.225.174
88,Tracy,Alf,talf2f@lycos.com,Male,197.48.35.191
89,Benjie,Pierton,bpierton2g@reference.com,Male,255.140.130.244
90,Bobbie,Anthony,banthony2h@yale.edu,Female,177.171.125.235
91,Cassandry,Avramow,cavramow2i@freewebs.com,Female,108.1.87.200
92,Vern,Maruska,vmaruska2j@t.co,Genderfluid,195.14.155.13
93,Nissa,O'Crowley,nocrowley2k@apache.org,Female,59.40.106.8
94,Carola,Ceschelli,cceschelli2l@1und1.de,Genderqueer,17.38.5.138
95,Gerhard,Olsen,golsen2m@senate.gov,Male,125.212.105.93
96,Jasun,Andrysiak,jandrysiak2n@vimeo.com,Male,193.85.183.154
97,Roscoe,Gantzman,rgantzman2o@tumblr.com,Male,102.140.248.150
98,Jacklyn,Blackaller,jblackaller2p@arstechnica.com,Female,214.206.48.156
99,Joelly,Sterricker,jsterricker2q@printfriendly.com,Female,245.33.198.6
100,Nickolai,Boys,nboys2r@usgs.gov,Male,92.18.99.198
101,Mathian,Wilfinger,mwilfinger2s@last.fm,Male,10.9.74.134
102,Romola,Rouch,rrouch2t@google.it,Female,66.206.201.66
103,Rickey,Greenalf,rgreenalf2u@dion.ne.jp,Agender,217.255.29.20
104,Livy,Dobbison,ldobbison2v@godaddy.com,Female,235.186.43.188
105,Kent,Dabling,kdabling2w@goo.ne.jp,Male,158.180.134.129
106,Luca,Hoopper,lhoopper2x@yale.edu,Male,184.199.18.173
107,Robinette,Gertray,rgertray2y@newyorker.com,Female,77.88.242.61
108,Jarred,Goathrop,jgoathrop2z@dailymotion.com,Male,47.110.53.92
109,Drew,Fealey,dfealey30@ebay.co.uk,Male,70.32.14.183
110,Howey,Garvill,hgarvill31@telegraph.co.uk,Male,197.149.21.117
111,Dode,Sivyour,dsivyour32@naver.com,Female,38.152.28.194
112,Kissie,Sproston,ksproston33@vkontakte.ru,Bigender,2.110.107.205
113,Denice,Gier,dgier34@ocn.ne.jp,Female,213.39.11.191
114,Anatol,Tiplady,atiplady35@hubpages.com,Male,234.235.171.3
115,Stacy,Orrill,sorrill36@furl.net,Male,47.55.76.77
116,Bertina,Buessen,bbuessen37@aol.com,Female,211.134.184.238
117,Webster,Shaefer,wshaefer38@engadget.com,Male,107.221.17.23
118,Kamilah,Mowatt,kmowatt39@list-manage.com,Female,95.147.79.93
119,Darn,Donovan,ddonovan3a@aboutads.info,Male,7.114.90.2
120,Sarena,Vittet,svittet3b@ovh.net,Female,57.29.71.174
121,Mireille,Mounch,mmounch3c@myspace.com,Female,165.61.141.204
122,Farlay,Pinck,fpinck3d@wsj.com,Male,241.116.121.174
123,Kipper,Fewlass,kfewlass3e@networksolutions.com,Male,159.172.166.170
124,Melinda,Pester,mpester3f@cbsnews.com,Female,125.109.60.112
125,Emelen,Burl,eburl3g@nifty.com,Male,127.43.101.195
126,Rubi,McDonnell,rmcdonnell3h@wordpress.org,Female,214.165.18.63
127,Kin,Rustadge,krustadge3i@fastcompany.com,Male,2.180.155.63
128,Pippy,Barbey,pbarbey3j@google.ru,Female,186.29.97.232
129,Kylynn,Wardel,kwardel3k@is.gd,Female,208.9.236.148
130,Valli,Mewes,vmewes3l@army.mil,Female,8.92.206.221
131,Bambie,De Ruel,bderuel3m@huffingtonpost.com,Female,243.189.110.172
132,Kristen,Heynen,kheynen3n@nhs.uk,Bigender,156.32.237.1
133,Faber,Woodberry,fwoodberry3o@omniture.com,Male,163.29.192.170
134,Petronille,Murgatroyd,pmurgatroyd3p@usnews.com,Female,120.95.215.18
135,Valma,Penley,vpenley3q@paypal.com,Female,147.27.79.80
136,Ebba,Rann,erann3r@marketwatch.com,Female,106.222.93.95
137,Esdras,Barff,ebarff3s@va.gov,Male,159.144.21.97
138,Barty,Tiley,btiley3t@marketwatch.com,Male,65.252.139.62
139,Jean,Draycott,jdraycott3u@facebook.com,Male,179.47.16.190
140,Vivyanne,Heasman,vheasman3v@toplist.cz,Female,114.122.199.128
141,Dermot,Rebichon,drebichon3w@economist.com,Male,104.252.140.253
142,Ilene,McCrow,imccrow3x@npr.org,Female,97.136.54.253
143,Gratia,Ansty,gansty3y@shop-pro.jp,Bigender,200.167.194.176
144,Melony,Heaton,mheaton3z@ox.ac.uk,Female,44.87.186.15
145,Ofilia,Najera,onajera40@gmpg.org,Female,18.170.200.43
146,Annabela,Daborne,adaborne41@usatoday.com,Female,102.233.183.78
147,Fredrika,Ballard,fballard42@goodreads.com,Genderqueer,145.107.255.81
148,Fayre,Paley,fpaley43@moonfruit.com,Non-binary,168.244.141.150
149,Adiana,Cristofori,acristofori44@tripod.com,Female,76.124.153.139
150,Audy,Raden,araden45@multiply.com,Female,4.167.132.202
151,Cayla,Ibotson,cibotson46@cnet.com,Female,104.73.0.42
152,Daphene,Smithers,dsmithers47@bing.com,Female,197.21.234.145
153,Brinn,Vallantine,bvallantine48@zdnet.com,Female,102.5.98.206
154,Zita,Ducker,zducker49@homestead.com,Female,235.96.146.97
155,Adelind,Hyman,ahyman4a@unc.edu,Non-binary,221.89.2.176
156,Reinold,Yoxen,ryoxen4b@discuz.net,Male,149.186.173.75
157,Bellanca,Gever,bgever4c@studiopress.com,Female,228.86.138.8
158,Enrique,Van Eeden,evaneeden4d@about.com,Male,24.224.134.144
159,Dugald,Schmuhl,dschmuhl4e@cnn.com,Male,197.22.234.143
160,Tera,Sterman,tsterman4f@gov.uk,Female,224.234.160.9
161,Keenan,Nigh,knigh4g@dailymail.co.uk,Male,180.103.113.76
162,Louie,Campe,lcampe4h@unesco.org,Bigender,92.239.11.4
163,Marnia,Costellow,mcostellow4i@edublogs.org,Female,133.30.135.29
164,Son,Kahan,skahan4j@addtoany.com,Male,165.66.144.198
165,Elizabet,Ponde,eponde4k@privacy.gov.au,Female,67.32.13.244
166,Dion,Keough,dkeough4l@facebook.com,Male,222.4.42.202
167,Brynn,Piatkow,bpiatkow4m@foxnews.com,Genderqueer,31.73.135.143
168,Shelton,Mabbett,smabbett4n@shinystat.com,Male,17.48.33.24
169,Vassily,Skellen,vskellen4o@ca.gov,Male,54.179.133.57
170,Clyve,Toten,ctoten4p@jugem.jp,Male,203.122.144.172
171,Penn,Wakeley,pwakeley4q@opensource.org,Male,225.195.164.8
172,Davita,Siaskowski,dsiaskowski4r@wikispaces.com,Female,138.70.199.234
173,Charity,Goshawk,cgoshawk4s@i2i.jp,Non-binary,75.52.92.79
174,Nicholas,D'Andrea,ndandrea4t@sbwire.com,Male,76.175.211.255
175,Velvet,Barringer,vbarringer4u@cyberchimps.com,Female,87.192.179.62
176,Clarie,Colley,ccolley4v@webs.com,Female,200.109.117.40
177,Trixy,Eberts,teberts4w@people.com.cn,Female,125.248.248.75
178,Rodolphe,Titta,rtitta4x@weebly.com,Male,90.248.64.63
179,Penrod,Gwyllt,pgwyllt4y@multiply.com,Male,179.147.243.53
180,Richardo,Sharplin,rsharplin4z@ameblo.jp,Male,179.15.30.79
181,Carlita,Goggan,cgoggan50@yellowbook.com,Female,187.142.229.244
182,Northrop,Brisland,nbrisland51@usa.gov,Male,210.46.161.143
183,Standford,Glidder,sglidder52@nba.com,Male,138.27.89.100
184,Ichabod,Pellitt,ipellitt53@1688.com,Male,188.151.100.174
185,Jeramey,Perigo,jperigo54@reuters.com,Male,25.185.109.188
186,Marielle,Froome,mfroome55@latimes.com,Polygender,63.179.176.165
187,Hershel,Ferneley,hferneley56@google.cn,Bigender,99.255.28.135
188,Godfry,Abade,gabade57@delicious.com,Male,255.180.96.230
189,Banky,Lello,blello58@state.tx.us,Bigender,18.31.7.142
190,Werner,West-Frimley,wwestfrimley59@psu.edu,Male,55.53.131.1
191,Fonsie,Kamenar,fkamenar5a@state.gov,Male,16.128.254.105
192,Jan,Borge,jborge5b@vkontakte.ru,Male,110.29.48.237
193,Nicolea,Vearnals,nvearnals5c@people.com.cn,Female,104.31.6.197
194,Jacqui,Griffithe,jgriffithe5d@biglobe.ne.jp,Female,74.242.38.10
195,Arleyne,Corselles,acorselles5e@deviantart.com,Female,247.203.87.118
196,Arel,Heeley,aheeley5f@discuz.net,Male,180.36.99.36
197,Jacquelyn,Fust,jfust5g@printfriendly.com,Female,76.153.97.201
198,Dory,Munns,dmunns5h@jugem.jp,Agender,22.28.124.250
199,Denny,Childs,dchilds5i@1688.com,Female,230.170.43.69
200,Sula,D'Cruze,sdcruze5j@ustream.tv,Female,245.55.149.160
201,Eduard,Esslemont,eesslemont5k@nbcnews.com,Male,164.202.137.212
202,Tammie,Tonsley,ttonsley5l@hp.com,Male,102.58.158.86
203,Dian,Rosewell,drosewell5m@virginia.edu,Female,146.68.16.164
204,Anstice,Plastow,aplastow5n@forbes.com,Female,174.247.129.207
205,Chris,Owbrick,cowbrick5o@cargocollective.com,Male,12.143.190.165
206,Berty,Baptiste,bbaptiste5p@bandcamp.com,Female,217.248.58.154
207,Garnette,Fowlds,gfowlds5q@tuttocitta.it,Female,192.103.160.79
208,Albina,Lemerle,alemerle5r@cnn.com,Female,138.150.232.119
209,Hesther,Nairn,hnairn5s@si.edu,Female,140.84.17.155
210,Devinne,Causnett,dcausnett5t@example.com,Female,231.49.162.140
211,Bondie,Cadle,bcadle5u@soundcloud.com,Male,68.156.191.136
212,Mohandis,Morrowe,mmorrowe5v@foxnews.com,Male,190.192.78.179
213,Etan,Wiburn,ewiburn5w@youtu.be,Male,131.50.26.71
214,Kimball,Parman,kparman5x@wikimedia.org,Male,4.228.93.228
215,Ciro,Simonelli,csimonelli5y@gmpg.org,Male,146.127.213.166
216,Verney,Domingues,vdomingues5z@163.com,Male,227.156.80.150
217,Iago,Brothers,ibrothers60@lulu.com,Male,76.121.143.70
218,Beret,Cleary,bcleary61@oracle.com,Female,202.220.20.109
219,Shari,Imloch,simloch62@usa.gov,Non-binary,87.124.71.78
220,Cal,Ludlam,cludlam63@addtoany.com,Male,213.41.105.218
221,Liva,De Wolfe,ldewolfe64@chronoengine.com,Female,47.61.147.191
222,Neala,Kilbane,nkilbane65@google.co.jp,Female,115.21.148.213
223,Wanda,Enocksson,wenocksson66@si.edu,Female,160.120.217.71
224,Elane,Avrahm,eavrahm67@yelp.com,Female,0.180.146.1
225,Bennett,McKain,bmckain68@wunderground.com,Male,222.218.193.185
226,Henderson,Blaase,hblaase69@nhs.uk,Male,90.119.134.183
227,Gillian,Castellani,gcastellani6a@imageshack.us,Female,24.64.5.239
228,Dalton,Dedman,ddedman6b@bbc.co.uk,Male,138.86.115.133
229,Aksel,Castro,acastro6c@unblog.fr,Male,120.194.40.199
230,Mareah,Proger,mproger6d@intel.com,Female,207.199.227.0
231,Dougy,Winney,dwinney6e@pen.io,Male,98.76.99.160
232,Sheridan,M'Chirrie,smchirrie6f@lulu.com,Male,120.1.234.160
233,Curtis,Donett,cdonett6g@theglobeandmail.com,Male,150.182.156.37
234,Townie,Atcherley,tatcherley6h@umn.edu,Male,150.64.243.127
235,Harlin,Francillo,hfrancillo6i@example.com,Male,219.194.72.182
236,Alecia,Beretta,aberetta6j@abc.net.au,Female,32.23.42.175
237,Risa,Vyse,rvyse6k@kickstarter.com,Female,48.125.206.143
238,Catherine,Duigan,cduigan6l@domainmarket.com,Female,206.102.18.163
239,Kassi,Tomik,ktomik6m@thetimes.co.uk,Female,172.203.171.183
240,Cassie,Try,ctry6n@sbwire.com,Male,190.105.41.75
241,Gaven,Wignall,gwignall6o@xinhuanet.com,Male,94.75.75.100
242,Karia,Corkitt,kcorkitt6p@blogspot.com,Female,251.64.191.212
243,Stanislas,Hearnes,shearnes6q@123-reg.co.uk,Male,53.230.99.47
244,Luelle,Baudic,lbaudic6r@jiathis.com,Female,47.106.214.253
245,August,Mirfield,amirfield6s@paginegialle.it,Male,69.137.161.193
246,Conni,Broxup,cbroxup6t@stanford.edu,Bigender,107.71.8.253
247,Arlina,MacCahee,amaccahee6u@google.de,Female,249.130.203.45
248,Merla,Bowcher,mbowcher6v@google.com.br,Female,179.99.124.8
249,Karoly,Lockart,klockart6w@disqus.com,Female,10.9.142.27
250,Zsazsa,Rawlingson,zrawlingson6x@aol.com,Female,60.84.89.63
251,Sallyann,Dargue,sdargue6y@newsvine.com,Female,216.177.191.216
252,Sayers,Bromehed,sbromehed6z@smh.com.au,Male,159.91.221.81
253,Ferrell,Cleaton,fcleaton70@indiatimes.com,Male,13.153.174.4
254,Brier,Andrea,bandrea71@mit.edu,Female,144.122.124.223
255,Desdemona,Comelini,dcomelini72@sakura.ne.jp,Female,157.54.55.235
256,Theresina,Edgley,tedgley73@ucoz.com,Female,10.74.96.100
257,Boris,Hellcat,bhellcat74@last.fm,Male,20.23.48.123
258,Lexi,Sandbrook,lsandbrook75@domainmarket.com,Female,190.183.151.139
259,Guenevere,Seller,gseller76@acquirethisname.com,Genderfluid,197.22.217.124
260,Katherine,Suffe,ksuffe77@xrea.com,Female,138.107.240.171
261,Teddy,Roughan,troughan78@ed.gov,Male,86.7.161.121
262,Paddie,Beecker,pbeecker79@seesaa.net,Male,15.67.239.216
263,Mohandis,Swatland,mswatland7a@admin.ch,Male,145.78.148.104
264,Dara,Briatt,dbriatt7b@sbwire.com,Female,25.159.152.82
265,Lester,Coalburn,lcoalburn7c@businesswire.com,Male,105.47.248.112
266,Hamlen,Annies,hannies7d@buzzfeed.com,Male,185.84.138.235
267,Sindee,Opdenort,sopdenort7e@hud.gov,Agender,197.161.115.127
268,Herbie,Wolfenden,hwolfenden7f@sakura.ne.jp,Male,21.141.226.141
269,Mercie,Grovier,mgrovier7g@godaddy.com,Female,42.185.114.24
270,Keely,Elecum,kelecum7h@nsw.gov.au,Female,196.4.5.6
271,Andeee,Riccio,ariccio7i@rakuten.co.jp,Female,134.171.108.237
272,Christie,Sankey,csankey7j@sfgate.com,Female,94.0.36.123
273,Shadow,Blaiklock,sblaiklock7k@goo.gl,Male,148.22.214.210
274,Mack,Leechman,mleechman7l@twitter.com,Male,63.66.185.230
275,Maudie,Mucklow,mmucklow7m@tiny.cc,Genderqueer,47.86.165.194
276,Conroy,Liepina,cliepina7n@nbcnews.com,Male,168.192.103.171
277,Rafe,Devil,rdevil7o@sakura.ne.jp,Male,43.49.112.160
278,Nan,Greeding,ngreeding7p@edublogs.org,Female,193.4.191.161
279,Zilvia,Lichfield,zlichfield7q@domainmarket.com,Female,121.143.128.22
280,Cullie,Chasmoor,cchasmoor7r@oakley.com,Male,138.165.166.199
281,Ludwig,Catterick,lcatterick7s@mtv.com,Male,71.243.148.26
282,Ester,Carthew,ecarthew7t@telegraph.co.uk,Female,182.10.218.69
283,Harmony,Fransewich,hfransewich7u@adobe.com,Female,152.251.98.184
284,Neill,Lee,nlee7v@dagondesign.com,Male,230.243.12.210
285,Katerina,Vatcher,kvatcher7w@europa.eu,Female,171.239.210.254
286,Hilliary,Tapper,htapper7x@gizmodo.com,Female,203.204.191.233
287,Drake,Werlock,dwerlock7y@so-net.ne.jp,Male,151.231.112.166
288,Abbot,Bradborne,abradborne7z@slate.com,Male,126.109.45.139
289,Pietro,MacCaghan,pmaccaghan80@nymag.com,Male,70.65.179.252
290,Jobina,Alexandersen,jalexandersen81@istockphoto.com,Female,12.253.242.39
291,Frederigo,Joyner,fjoyner82@state.gov,Male,137.94.130.55
292,Obadiah,Churm,ochurm83@mail.ru,Male,16.15.18.40
293,Errol,Cronshaw,ecronshaw84@freewebs.com,Male,126.104.94.108
294,Agnesse,Maskrey,amaskrey85@woothemes.com,Female,72.18.202.170
295,Agnes,Dudlestone,adudlestone86@sciencedirect.com,Female,61.246.251.126
296,Dallas,Blenkharn,dblenkharn87@phoca.cz,Male,167.104.51.66
297,Jessey,Lere,jlere88@webmd.com,Male,53.100.167.91
298,Paddie,Peche,ppeche89@jigsy.com,Male,33.162.82.78
299,Weston,Raun,wraun8a@google.cn,Male,65.156.186.107
300,Dorolisa,Hentzer,dhentzer8b@icio.us,Female,155.3.84.64
301,Tony,Pinckard,tpinckard8c@free.fr,Female,170.167.56.190
302,Devlen,Wolfe,dwolfe8d@desdev.cn,Male,58.135.230.89
303,Bobina,Haycraft,bhaycraft8e@desdev.cn,Female,22.70.76.203
304,Dulcy,De Angelo,ddeangelo8f@rediff.com,Female,218.232.108.65
305,Fredric,Messenbird,fmessenbird8g@ox.ac.uk,Male,18.109.245.229
306,Glenna,Biagioni,gbiagioni8h@sourceforge.net,Female,126.23.157.2
307,Robbie,Bardnam,rbardnam8i@amazon.co.uk,Male,22.245.205.48
308,Salome,Gutsell,sgutsell8j@mtv.com,Female,68.31.44.114
309,Darla,Heningam,dheningam8k@eventbrite.com,Female,210.6.135.136
310,Spenser,Atwill,satwill8l@ucsd.edu,Genderqueer,83.4.235.72
311,Madelina,Blakelock,mblakelock8m@merriam-webster.com,Female,121.129.123.246
312,Luisa,Gallie,lgallie8n@dmoz.org,Female,62.90.122.187
313,Brockie,Tudge,btudge8o@sun.com,Bigender,128.61.196.126
314,Remington,Ceely,rceely8p@blogspot.com,Male,86.127.22.186
315,Whitney,Dulinty,wdulinty8q@friendfeed.com,Genderqueer,65.134.227.150
316,Randell,Ronaldson,rronaldson8r@soundcloud.com,Male,74.12.163.87
317,Cristionna,Selvester,cselvester8s@sakura.ne.jp,Female,73.1.171.217
318,Rudiger,Hinrichs,rhinrichs8t@nbcnews.com,Male,59.177.168.204
319,Cody,Klamp,cklamp8u@cbslocal.com,Female,198.200.42.78
320,Lainey,Dace,ldace8v@umn.edu,Female,25.216.198.18
321,Lowe,Weall,lweall8w@storify.com,Male,176.165.78.209
322,Germain,McErlaine,gmcerlaine8x@apache.org,Male,0.119.179.60
323,Beckie,Fenech,bfenech8y@wikipedia.org,Female,71.205.248.75
324,Alleen,Edds,aedds8z@purevolume.com,Female,166.23.19.248
325,Linnea,Lanning,llanning90@amazon.com,Female,15.121.9.86
326,Alphonse,Heineke,aheineke91@wix.com,Male,226.223.114.137
327,Rori,Ripping,rripping92@goodreads.com,Female,64.202.43.22
328,Lisha,Lovelace,llovelace93@tinypic.com,Female,182.94.232.235
329,Robbert,Peiser,rpeiser94@rakuten.co.jp,Male,235.107.178.230
330,Westbrook,Asee,wasee95@chicagotribune.com,Male,212.196.160.162
331,Bord,Feare,bfeare96@netlog.com,Male,174.41.99.209
332,Ciro,Mellodey,cmellodey97@yelp.com,Male,68.233.162.91
333,Mora,Aguirrezabala,maguirrezabala98@redcross.org,Female,79.177.85.232
334,Oona,Tripcony,otripcony99@csmonitor.com,Female,7.20.190.153
335,Romona,Addionisio,raddionisio9a@hexun.com,Genderfluid,85.182.88.125
336,Bryant,Windows,bwindows9b@nature.com,Male,138.178.219.48
337,Willy,Croser,wcroser9c@unesco.org,Male,24.76.122.123
338,Lynett,Le Ball,lleball9d@newsvine.com,Female,152.128.123.74
339,Blair,Haffenden,bhaffenden9e@yahoo.com,Male,130.100.24.130
340,Cassi,Bowdon,cbowdon9f@ycombinator.com,Female,143.63.24.203
341,Shea,Dooman,sdooman9g@tuttocitta.it,Male,236.234.155.66
342,Joycelin,Seawright,jseawright9h@stumbleupon.com,Female,247.94.102.213
343,Rocky,Cauley,rcauley9i@eventbrite.com,Male,140.44.144.244
344,Sandy,Varnam,svarnam9j@wordpress.org,Male,55.169.23.139
345,Clayborn,Topham,ctopham9k@aboutads.info,Male,40.185.104.240
346,Leonerd,MacGahey,lmacgahey9l@columbia.edu,Male,87.31.53.181
347,Aura,Bennough,abennough9m@moonfruit.com,Female,90.68.181.126
348,Saree,Maier,smaier9n@shinystat.com,Female,144.188.42.166
349,Betteann,Richemond,brichemond9o@thetimes.co.uk,Female,75.210.170.17
350,Anton,Bread,abread9p@w3.org,Agender,121.55.27.212
351,Kippie,Demschke,kdemschke9q@fema.gov,Male,214.204.35.147
352,Solomon,Kimbrey,skimbrey9r@hhs.gov,Genderfluid,39.78.117.238
353,Junette,Omand,jomand9s@altervista.org,Female,165.3.174.138
354,Saxon,Chorley,schorley9t@diigo.com,Male,120.55.91.229
355,Joanne,Yarnall,jyarnall9u@yahoo.co.jp,Female,9.168.141.236
356,Del,Cayet,dcayet9v@telegraph.co.uk,Male,233.135.217.167
357,Reggi,Lafee,rlafee9w@unesco.org,Female,247.135.39.77
358,Sondra,Scudamore,sscudamore9x@trellian.com,Female,129.206.89.158
359,Vilma,Crowdson,vcrowdson9y@tiny.cc,Female,203.125.57.70
360,Freddie,Mackley,fmackley9z@hhs.gov,Male,112.232.43.236
361,Dorothy,Van der Brugge,dvanderbruggea0@ezinearticles.com,Female,46.208.65.11
362,Fidelio,Pachmann,fpachmanna1@desdev.cn,Male,52.16.223.65
363,Elga,Brannon,ebrannona2@theglobeandmail.com,Female,104.154.169.239
364,Dominik,Grunbaum,dgrunbauma3@hc360.com,Male,243.124.12.220
365,Emmalee,Raynor,eraynora4@cnet.com,Female,159.24.172.235
366,Julee,Escalante,jescalantea5@twitpic.com,Female,198.79.20.20
367,Padriac,Thomke,pthomkea6@goo.ne.jp,Male,0.41.178.255
368,Adorne,Kaman,akamana7@freewebs.com,Female,168.150.210.105
369,Jazmin,Erbain,jerbaina8@seesaa.net,Genderfluid,164.141.243.110
370,Therine,Seivertsen,tseivertsena9@japanpost.jp,Female,208.228.143.225
371,Hans,Le Maitre,hlemaitreaa@google.fr,Male,175.220.154.108
372,Dave,Van Der Vlies,dvandervliesab@cbsnews.com,Male,174.110.198.165
373,Alvinia,Trevan,atrevanac@paypal.com,Female,245.157.73.192
374,Tedda,Rivett,trivettad@goo.ne.jp,Female,170.93.90.75
375,Georges,Darington,gdaringtonae@craigslist.org,Male,58.152.155.82
376,Sheelah,Cossins,scossinsaf@ft.com,Female,39.155.62.41
377,Lottie,Lahiff,llahiffag@google.fr,Female,27.21.248.81
378,Karena,Earry,kearryah@desdev.cn,Female,244.126.118.65
379,Laurene,Wesker,lweskerai@unicef.org,Female,104.57.145.161
380,Rudiger,Houlridge,rhoulridgeaj@amazon.de,Male,155.116.85.117
381,Wakefield,Matignon,wmatignonak@squidoo.com,Male,47.206.18.50
382,Ximenes,Cufflin,xcufflinal@canalblog.com,Male,161.48.24.71
383,Homerus,Routley,hroutleyam@umn.edu,Male,253.233.243.33
384,Dwight,Orrey,dorreyan@shareasale.com,Male,20.44.82.238
385,Kevyn,Clausner,kclausnerao@bloglines.com,Female,233.12.147.233
386,Dugald,Baise,dbaiseap@netvibes.com,Male,49.127.121.105
387,Sena,Halworth,shalworthaq@ezinearticles.com,Genderfluid,236.243.195.149
388,Fabian,Myhill,fmyhillar@dmoz.org,Male,88.209.45.82
389,Natalya,Doel,ndoelas@cnn.com,Female,179.77.222.42
390,Edeline,Sommerlie,esommerlieat@cmu.edu,Female,235.246.216.50
391,Bronnie,Baughan,bbaughanau@plala.or.jp,Male,201.149.43.238
392,Wilfred,Cosgry,wcosgryav@bloglovin.com,Male,33.87.128.24
393,Kelila,Mockler,kmockleraw@answers.com,Female,247.26.232.209
394,Gilli,Krammer,gkrammerax@tuttocitta.it,Female,123.53.50.53
395,Aleece,Kellitt,akellittay@nature.com,Female,160.4.179.216
396,Arnie,Llewellyn,allewellynaz@meetup.com,Male,60.134.195.47
397,Ines,Darree,idarreeb0@wisc.edu,Female,163.105.181.225
398,Callean,Lorrain,clorrainb1@thetimes.co.uk,Male,11.184.142.239
399,Maddie,Potier,mpotierb2@timesonline.co.uk,Female,211.160.105.85
400,Derk,Dunseath,ddunseathb3@ezinearticles.com,Male,116.24.233.165
401,Barret,Matiashvili,bmatiashvilib4@virginia.edu,Male,108.188.128.82
402,Mariya,Apark,maparkb5@berkeley.edu,Genderqueer,143.83.147.24
403,Dicky,Staresmeare,dstaresmeareb6@home.pl,Male,69.232.238.3
404,Markos,Zellick,mzellickb7@domainmarket.com,Male,26.219.9.222
405,Ruby,Geraudy,rgeraudyb8@prnewswire.com,Male,159.202.44.175
406,Arlyn,Stein,asteinb9@amazon.com,Female,192.143.119.57
407,Morly,Willwood,mwillwoodba@mozilla.org,Male,47.81.217.206
408,Bertrando,Gabbetis,bgabbetisbb@amazon.co.jp,Male,88.177.209.83
409,Melisent,Bruty,mbrutybc@over-blog.com,Female,156.10.212.211
410,Anderea,Jermey,ajermeybd@ed.gov,Female,197.146.80.181
411,Gwyneth,Flatt,gflattbe@aol.com,Female,158.212.8.230
412,Ruthy,Muneely,rmuneelybf@sakura.ne.jp,Female,213.253.66.188
413,Tudor,Gribbell,tgribbellbg@over-blog.com,Male,169.239.136.33
414,Jenni,Lytlle,jlytllebh@booking.com,Female,179.194.168.207
415,D'arcy,Marty,dmartybi@walmart.com,Agender,43.33.250.198
416,Corny,Jorry,cjorrybj@constantcontact.com,Male,92.79.0.41
417,Sheridan,Dobrovolski,sdobrovolskibk@blogs.com,Male,24.244.220.101
418,Jasun,Stickens,jstickensbl@ted.com,Male,45.206.194.207
419,Tony,Troop,ttroopbm@usatoday.com,Female,54.142.101.121
420,Anson,Peatman,apeatmanbn@wikipedia.org,Male,63.146.147.141
421,Nellie,Sodory,nsodorybo@stanford.edu,Female,207.109.86.35
422,Roslyn,Gaither,rgaitherbp@constantcontact.com,Female,171.102.222.214
423,Maryanna,Ridde,mriddebq@cnn.com,Female,64.8.86.0
424,Alvira,Roblett,aroblettbr@sina.com.cn,Female,58.172.182.246
425,Raoul,Kitchenham,rkitchenhambs@odnoklassniki.ru,Male,74.248.166.85
426,Aigneis,Janoschek,ajanoschekbt@squarespace.com,Female,54.166.36.140
427,Priscilla,Feake,pfeakebu@networkadvertising.org,Female,1.237.158.186
428,Lindy,Glazzard,lglazzardbv@w3.org,Male,32.155.98.79
429,Augusta,Jirka,ajirkabw@mail.ru,Female,25.83.244.88
430,Leola,Rutley,lrutleybx@odnoklassniki.ru,Female,21.153.171.146
431,Kessiah,Matejka,kmatejkaby@issuu.com,Female,163.224.212.254
432,Tommi,Snoding,tsnodingbz@phoca.cz,Female,87.85.76.234
433,Jay,Battlestone,jbattlestonec0@stanford.edu,Male,245.137.175.242
434,Shelby,Serfati,sserfatic1@gmpg.org,Female,151.13.89.116
435,Sandi,Cutbirth,scutbirthc2@noaa.gov,Female,237.63.61.202
436,Lorrie,Iannini,lianninic3@yale.edu,Female,152.161.225.153
437,Charmine,Sebastian,csebastianc4@last.fm,Female,24.184.236.249
438,Olivia,Marie,omariec5@theglobeandmail.com,Female,57.245.154.179
439,Ruy,Youll,ryoullc6@umn.edu,Male,40.126.207.131
440,Jeno,Cuttell,jcuttellc7@netvibes.com,Male,28.11.61.129
441,Tremaine,Winspear,twinspearc8@oracle.com,Male,88.48.106.89
442,Tammara,Osmon,tosmonc9@biblegateway.com,Genderqueer,89.96.8.41
443,Martita,Jori,mjorica@senate.gov,Female,142.238.85.190
444,Judy,Aldrin,jaldrincb@wp.com,Female,0.138.65.227
445,Corty,Bygrave,cbygravecc@biblegateway.com,Male,220.111.115.111
446,Odelia,Willson,owillsoncd@gravatar.com,Female,15.139.228.247
447,Marissa,Fley,mfleyce@naver.com,Female,77.197.179.64
448,Padriac,Chalfain,pchalfaincf@yahoo.co.jp,Male,192.212.21.82
449,Damien,Tixall,dtixallcg@intel.com,Male,43.142.93.23
450,Kimble,Ledingham,kledinghamch@studiopress.com,Male,31.205.13.58
451,Guilbert,Kayzer,gkayzerci@ow.ly,Male,88.220.203.210
452,Arte,Duiged,aduigedcj@netvibes.com,Bigender,223.155.251.147
453,Dinny,Ivanenko,divanenkock@disqus.com,Female,123.47.50.49
454,Alfons,Aujouanet,aaujouanetcl@smugmug.com,Male,17.94.214.205
455,Stanly,Mordaunt,smordauntcm@posterous.com,Male,72.108.202.210
456,Giffard,Cicculini,gcicculinicn@house.gov,Male,154.20.143.188
457,Anabella,Lettsom,alettsomco@php.net,Female,203.212.130.7
458,Dido,Lyver,dlyvercp@webnode.com,Female,109.253.181.113
459,Danya,Aleksankov,daleksankovcq@parallels.com,Male,98.127.158.103
460,Adoree,Bullan,abullancr@flickr.com,Polygender,122.133.63.37
461,Thorny,Lukes,tlukescs@rambler.ru,Male,208.85.208.31
462,Zollie,Myers,zmyersct@disqus.com,Male,70.114.96.159
463,Herbie,Mosten,hmostencu@wunderground.com,Male,72.17.102.2
464,Myra,Hardisty,mhardistycv@google.nl,Female,81.127.176.105
465,Davie,Mantione,dmantionecw@gmpg.org,Male,192.136.91.147
466,Darla,Bellamy,dbellamycx@cdbaby.com,Female,130.29.56.131
467,Vasily,Hoyer,vhoyercy@scientificamerican.com,Male,18.168.219.182
468,Wilma,Pithie,wpithiecz@bluehost.com,Female,246.29.59.74
469,Marcia,Morrid,mmorridd0@reference.com,Female,161.5.166.139
470,Talbot,Groneway,tgronewayd1@amazon.com,Male,5.163.138.74
471,Opal,Chiplin,ochiplind2@skyrock.com,Female,160.55.132.211
472,Shepard,Bothwell,sbothwelld3@ucla.edu,Male,66.2.135.167
473,Onofredo,Korbmaker,okorbmakerd4@wix.com,Polygender,189.101.130.4
474,Latrena,Roxby,lroxbyd5@flavors.me,Female,80.122.161.52
475,Darrelle,Golden of Ireland,dgoldenofirelandd6@dell.com,Female,124.165.47.161
476,Stacee,Bourton,sbourtond7@nydailynews.com,Male,175.170.144.90
477,Arv,Plante,aplanted8@youku.com,Male,12.238.58.136
478,Eal,Peppett,epeppettd9@bing.com,Male,181.244.212.104
479,Roy,Collymore,rcollymoreda@godaddy.com,Genderfluid,221.187.59.43
480,Lothario,Knowlys,lknowlysdb@techcrunch.com,Male,62.23.141.5
481,Vassily,Fahy,vfahydc@craigslist.org,Male,139.88.181.247
482,Frants,Loddy,floddydd@pcworld.com,Male,226.30.158.175
483,Imogene,McBrier,imcbrierde@psu.edu,Female,46.24.21.130
484,Spike,Yesenev,syesenevdf@alibaba.com,Male,239.87.2.133
485,Sawyere,Hatfield,shatfielddg@taobao.com,Male,195.193.68.179
486,Shae,Coalbran,scoalbrandh@hhs.gov,Bigender,68.181.71.152
487,Fields,Houson,fhousondi@fda.gov,Male,240.184.250.252
488,Fidela,Shillito,fshillitodj@aboutads.info,Female,50.227.70.63
489,Naomi,Moules,nmoulesdk@baidu.com,Bigender,152.0.8.212
490,Sheila-kathryn,Fripps,sfrippsdl@pagesperso-orange.fr,Female,81.115.145.51
491,Wendye,Moberley,wmoberleydm@geocities.com,Female,128.198.35.54
492,Giffer,Craddy,gcraddydn@sbwire.com,Male,177.145.228.194
493,Neal,Leak,nleakdo@wix.com,Male,52.99.74.250
494,Boone,Gelsthorpe,bgelsthorpedp@cbc.ca,Male,244.184.87.242
495,Tiena,Edmondson,tedmondsondq@discuz.net,Female,25.245.96.111
496,Veriee,Trelevan,vtrelevandr@wunderground.com,Female,116.247.199.103
497,Gran,Hatwell,ghatwellds@guardian.co.uk,Male,186.197.112.12
498,Kristofor,Tofful,ktoffuldt@tmall.com,Male,119.137.21.16
499,Shell,Dye,sdyedu@symantec.com,Female,255.128.135.101
500,Jessie,Bugby,jbugbydv@sciencedaily.com,Male,147.149.149.52
501,Sunny,Estabrook,sestabrookdw@amazon.co.uk,Male,89.169.131.167
502,Lauritz,Layborn,llayborndx@paypal.com,Male,166.59.44.10
503,Donnajean,Josilowski,djosilowskidy@friendfeed.com,Genderqueer,82.224.168.202
504,Nikki,Du Hamel,nduhameldz@google.com,Female,174.158.65.143
505,Barbara-anne,Orr,borre0@woothemes.com,Female,83.77.187.172
506,Krystyna,Brastead,kbrasteade1@ifeng.com,Female,227.11.15.193
507,Suzanna,Darcy,sdarcye2@linkedin.com,Female,50.179.23.238
508,Lilias,Scawen,lscawene3@craigslist.org,Female,63.217.169.34
509,Nil,Wilkennson,nwilkennsone4@list-manage.com,Male,242.82.145.209
510,Elaina,Beddard,ebeddarde5@flickr.com,Female,169.25.187.248
511,Maxi,Spraggon,mspraggone6@who.int,Female,127.210.64.83
512,Sebastian,Azemar,sazemare7@tripadvisor.com,Male,234.146.203.98
513,Arlin,Mewburn,amewburne8@slate.com,Male,41.65.107.63
514,Beckie,Kynston,bkynstone9@virginia.edu,Female,233.204.101.176
515,Minta,Maslen,mmaslenea@exblog.jp,Female,102.39.45.35
516,Derek,Persian,dpersianeb@aboutads.info,Male,78.139.180.210
517,Silvana,MacGuffie,smacguffieec@ibm.com,Female,141.67.145.65
518,Perri,Archell,parchelled@123-reg.co.uk,Female,102.255.231.108
519,Tomas,Kordas,tkordasee@paginegialle.it,Male,11.141.46.182
520,Kipper,Folli,kfollief@google.nl,Male,135.213.223.123
521,Sheilakathryn,Braikenridge,sbraikenridgeeg@msn.com,Female,137.230.118.90
522,Janeczka,Motten,jmotteneh@webs.com,Female,23.103.196.82
523,Frederigo,Beavington,fbeavingtonei@pinterest.com,Male,109.94.217.79
524,Cosette,Banfill,cbanfillej@about.me,Female,52.62.215.152
525,Hilde,Gartrell,hgartrellek@myspace.com,Female,23.72.151.225
526,Brod,Dumingo,bdumingoel@washingtonpost.com,Male,164.20.40.34
527,Debi,Shave,dshaveem@businessinsider.com,Female,212.6.140.90
528,Bucky,Manners,bmannersen@umn.edu,Male,111.50.23.235
529,Eimile,Hannaford,ehannafordeo@cbsnews.com,Female,148.133.126.55
530,Amandy,Bullar,abullarep@seattletimes.com,Female,248.14.95.183
531,Hall,Fright,hfrighteq@smugmug.com,Male,247.96.130.179
532,Jill,Cayzer,jcayzerer@chicagotribune.com,Non-binary,29.184.9.1
533,Claude,D'Ambrosio,cdambrosioes@newyorker.com,Female,5.245.5.208
534,Cristina,MacNab,cmacnabet@apple.com,Female,26.48.150.176
535,Morissa,Raine,mraineeu@netvibes.com,Female,129.233.167.202
536,Wendel,Water,wwaterev@mapquest.com,Male,238.201.39.211
537,Delano,Wicklen,dwicklenew@cbslocal.com,Male,106.134.241.197
538,Ingelbert,Prys,iprysex@desdev.cn,Male,250.229.168.93
539,Florinda,Skipping,fskippingey@surveymonkey.com,Agender,179.14.16.254
540,Purcell,Dixey,pdixeyez@house.gov,Male,220.228.250.97
541,Loralee,Readwood,lreadwoodf0@mtv.com,Female,149.109.20.162
542,Ashleigh,Kinahan,akinahanf1@imgur.com,Female,200.141.65.158
543,Alain,Impy,aimpyf2@alibaba.com,Male,210.226.170.171
544,Baird,Sarra,bsarraf3@cyberchimps.com,Male,151.126.242.78
545,Renee,Denmead,rdenmeadf4@wordpress.com,Female,210.184.58.157
546,Piper,Kytley,pkytleyf5@microsoft.com,Female,119.28.188.126
547,Florina,Barclay,fbarclayf6@purevolume.com,Non-binary,151.111.205.178
548,Darnall,Maun,dmaunf7@netvibes.com,Male,200.229.196.237
549,Marlane,Truelove,mtruelovef8@phpbb.com,Female,113.96.22.137
550,Dorita,Hallowes,dhallowesf9@uiuc.edu,Female,60.71.169.212
551,Camille,Stenyng,cstenyngfa@wunderground.com,Female,217.158.186.219
552,Donny,Tremelling,dtremellingfb@home.pl,Male,120.168.228.129
553,Cirillo,Wrathmell,cwrathmellfc@icio.us,Polygender,219.16.153.123
554,Arni,Swinbourne,aswinbournefd@naver.com,Male,98.33.167.207
555,Kipper,Marcinkowski,kmarcinkowskife@pcworld.com,Male,147.138.120.131
556,Hugh,Kochl,hkochlff@wordpress.com,Male,204.24.235.161
557,Lucias,Davidesco,ldavidescofg@clickbank.net,Male,215.141.154.44
558,Even,Arno,earnofh@php.net,Male,221.184.207.132
559,Rafferty,Bradden,rbraddenfi@canalblog.com,Male,138.83.140.218
560,Rubie,Ojeda,rojedafj@independent.co.uk,Female,149.30.183.20
561,Templeton,Moggach,tmoggachfk@freewebs.com,Male,87.196.183.245
562,Eldredge,Gilkes,egilkesfl@edublogs.org,Male,78.167.116.169
563,Rice,Waddup,rwaddupfm@jiathis.com,Male,50.122.39.100
564,Catha,Millsap,cmillsapfn@imageshack.us,Female,157.114.148.184
565,Charmine,Arnet,carnetfo@sakura.ne.jp,Female,139.157.18.220
566,Merridie,Shills,mshillsfp@goodreads.com,Female,169.90.223.147
567,Bobbee,Templeton,btempletonfq@oakley.com,Female,192.137.88.47
568,Nan,Saunders,nsaundersfr@census.gov,Female,127.13.10.6
569,Luca,McGrail,lmcgrailfs@biblegateway.com,Male,189.192.113.60
570,Hobard,McCurlye,hmccurlyeft@businessweek.com,Male,123.159.43.69
571,Tabbie,Geal,tgealfu@craigslist.org,Male,208.250.115.69
572,Benedetto,Grubey,bgrubeyfv@walmart.com,Male,65.205.119.51
573,Tammi,Walthew,twalthewfw@imgur.com,Female,61.68.215.117
574,Margie,Kubas,mkubasfx@time.com,Female,129.135.47.164
575,Seth,Iddins,siddinsfy@wufoo.com,Male,71.37.224.127
576,Jeffie,Archibould,jarchibouldfz@senate.gov,Male,119.146.236.236
577,Sydel,Vallery,svalleryg0@yelp.com,Female,26.201.21.45
578,Aida,Ambroix,aambroixg1@un.org,Female,137.156.201.165
579,Luciana,Willshaw,lwillshawg2@tinyurl.com,Female,41.237.148.107
580,Stacey,Miche,smicheg3@furl.net,Female,93.36.69.12
581,Hillery,Tomasini,htomasinig4@jalbum.net,Male,143.202.124.154
582,Domenic,Lively,dlivelyg5@mayoclinic.com,Male,80.220.170.91
583,Ealasaid,Jessen,ejesseng6@wix.com,Genderqueer,225.167.167.187
584,Iorgos,Hoofe,ihoofeg7@statcounter.com,Male,247.45.140.248
585,Jesus,Hurler,jhurlerg8@github.io,Male,31.92.203.123
586,Cletus,Radnage,cradnageg9@ucla.edu,Bigender,61.99.100.248
587,Torin,Berwick,tberwickga@dmoz.org,Male,102.55.198.75
588,Keary,Beau,kbeaugb@ycombinator.com,Male,107.68.215.54
589,Kinsley,Moreinu,kmoreinugc@virginia.edu,Bigender,98.200.20.162
590,Stanleigh,Paynes,spaynesgd@globo.com,Male,175.1.52.159
591,Westbrook,Oiseau,woiseauge@mediafire.com,Male,134.134.112.94
592,Gonzalo,Margach,gmargachgf@harvard.edu,Male,47.28.139.185
593,Cathyleen,Leasor,cleasorgg@sakura.ne.jp,Female,14.119.105.169
594,Abraham,Wrey,awreygh@businesswire.com,Male,34.21.196.28
595,Tully,Belly,tbellygi@washington.edu,Male,247.253.128.5
596,Abbe,Ryce,arycegj@desdev.cn,Male,155.162.119.131
597,Judye,Dowears,jdowearsgk@google.com,Female,170.38.223.117
598,Ginevra,Wildt,gwildtgl@qq.com,Polygender,247.158.49.228
599,Gal,Pomeroy,gpomeroygm@dot.gov,Male,146.232.232.109
600,Tamarra,MacLeese,tmacleesegn@miitbeian.gov.cn,Female,74.41.41.148
601,Durant,Jayme,djaymego@qq.com,Male,39.39.109.131
602,Rog,Otridge,rotridgegp@intel.com,Genderqueer,77.194.180.159
603,Grover,Meltetal,gmeltetalgq@blogger.com,Male,234.0.5.220
604,Roanne,Linley,rlinleygr@bloglovin.com,Female,46.197.52.101
605,Janey,Strettle,jstrettlegs@si.edu,Female,139.122.202.204
606,Jermaine,Embury,jemburygt@blogs.com,Female,152.187.77.50
607,Nessie,Bourton,nbourtongu@opensource.org,Female,37.102.42.225
608,Jodi,Hawksworth,jhawksworthgv@google.es,Female,160.109.101.229
609,Gardiner,Tilte,gtiltegw@theatlantic.com,Male,190.229.6.17
610,Amalia,Drinkall,adrinkallgx@mediafire.com,Female,180.190.100.213
611,Alyson,Ismead,aismeadgy@jigsy.com,Female,196.91.65.64
612,Dena,Petigrew,dpetigrewgz@multiply.com,Female,28.105.124.128
613,Vance,Potier,vpotierh0@vistaprint.com,Male,203.25.160.58
614,Washington,Annand,wannandh1@sphinn.com,Male,14.65.251.160
615,Natividad,Norres,nnorresh2@dion.ne.jp,Female,120.109.78.244
616,Dalli,Ollander,dollanderh3@instagram.com,Male,183.219.67.20
617,Elwood,Peaden,epeadenh4@ameblo.jp,Male,67.175.14.92
618,Tobye,McGougan,tmcgouganh5@wp.com,Female,107.46.202.138
619,Adelaide,Avory,aavoryh6@opera.com,Female,110.121.60.197
620,Chrystal,Grey,cgreyh7@twitpic.com,Female,186.182.26.40
621,Rockie,Wudeland,rwudelandh8@usda.gov,Male,38.135.58.164
622,Levy,Simcoe,lsimcoeh9@yahoo.co.jp,Male,203.57.152.234
623,Dione,Patrono,dpatronoha@reuters.com,Female,203.51.106.84
624,Wally,Pleaden,wpleadenhb@prlog.org,Female,164.207.109.197
625,Griff,Elphinston,gelphinstonhc@mtv.com,Agender,135.41.188.132
626,Timothee,Hazelgreave,thazelgreavehd@alexa.com,Male,178.176.214.247
627,Nicole,Stellino,nstellinohe@goo.ne.jp,Female,28.16.148.211
628,Doralynne,Whittingham,dwhittinghamhf@g.co,Female,66.185.64.186
629,Karie,Bostick,kbostickhg@stumbleupon.com,Female,159.10.167.242
630,Jillana,Housin,jhousinhh@bluehost.com,Female,218.238.33.201
631,Ruy,Rupke,rrupkehi@stumbleupon.com,Male,50.137.138.74
632,Cherianne,Alfonzo,calfonzohj@cisco.com,Non-binary,111.133.227.132
633,Lorettalorna,Blandamore,lblandamorehk@bloglines.com,Female,148.125.9.158
634,Garvin,Adamik,gadamikhl@cyberchimps.com,Agender,2.66.95.228
635,Maxy,Hofton,mhoftonhm@e-recht24.de,Male,158.208.80.145
636,Wayne,Ambrosoni,wambrosonihn@aol.com,Male,116.146.227.222
637,Roxana,Leonard,rleonardho@amazon.co.jp,Female,75.87.29.139
638,Darci,Maasz,dmaaszhp@sciencedaily.com,Female,109.182.123.244
639,Gilberte,Landsborough,glandsboroughhq@hhs.gov,Female,187.212.148.28
640,Odessa,O'Doogan,oodooganhr@creativecommons.org,Polygender,224.9.193.106
641,Kelci,Crosswaite,kcrosswaitehs@bigcartel.com,Female,76.203.111.140
642,Tremain,Erickson,tericksonht@pen.io,Male,255.229.142.133
643,Luce,Tick,ltickhu@apache.org,Male,155.123.98.233
644,Wayne,Embleton,wembletonhv@ox.ac.uk,Male,100.214.236.168
645,Agosto,Bunnell,abunnellhw@virginia.edu,Male,176.139.168.115
646,Phylis,Rockwill,prockwillhx@si.edu,Female,159.177.111.47
647,Angus,White,awhitehy@nifty.com,Male,128.227.90.155
648,Magdalena,Offer,mofferhz@nbcnews.com,Female,162.190.196.204
649,Gregorius,Mockler,gmockleri0@ted.com,Male,91.25.147.26
650,Delphine,Niblett,dnibletti1@instagram.com,Female,54.147.28.181
651,Gonzales,Beardon,gbeardoni2@biglobe.ne.jp,Male,155.171.54.78
652,Lelia,Maplethorpe,lmaplethorpei3@thetimes.co.uk,Female,28.46.60.201
653,Denny,Whisker,dwhiskeri4@engadget.com,Female,31.231.189.124
654,Revkah,Forte,rfortei5@goodreads.com,Female,104.134.125.146
655,Colan,Mcmanaman,cmcmanamani6@cnbc.com,Male,174.181.195.37
656,Isaak,Cattermoul,icattermouli7@princeton.edu,Male,218.45.196.101
657,Hildegarde,Wilkison,hwilkisoni8@answers.com,Female,206.192.111.138
658,Nadean,Leads,nleadsi9@sitemeter.com,Female,53.102.92.9
659,Scarlett,Dillaway,sdillawayia@cbsnews.com,Female,61.238.110.152
660,Reidar,de Nore,rdenoreib@google.pl,Male,59.172.24.217
661,Tiphany,Bumpas,tbumpasic@youku.com,Female,89.196.188.127
662,Ahmad,Iglesias,aiglesiasid@senate.gov,Male,66.55.254.95
663,Fidelity,Di Boldi,fdiboldiie@salon.com,Female,48.136.102.251
664,Titus,Roarty,troartyif@over-blog.com,Male,163.240.218.102
665,Shamus,Santo,ssantoig@constantcontact.com,Male,134.158.198.32
666,Ches,Dabell,cdabellih@360.cn,Male,0.148.88.232
667,Lamar,Casper,lcasperii@artisteer.com,Male,179.238.201.148
668,Holden,Salatino,hsalatinoij@economist.com,Male,199.243.38.115
669,Cortie,Burrel,cburrelik@artisteer.com,Male,237.74.65.171
670,Odele,Hatherley,ohatherleyil@blogtalkradio.com,Agender,149.253.144.138
671,Chancey,Castaner,ccastanerim@liveinternet.ru,Genderfluid,190.10.39.181
672,Roarke,Winterburn,rwinterburnin@youtu.be,Male,251.139.249.105
673,Patrizius,Danilevich,pdanilevichio@elpais.com,Male,88.47.45.237
674,Putnem,Tallow,ptallowip@wufoo.com,Male,108.254.182.188
675,Durant,MattiCCI,dmatticciiq@ebay.com,Male,3.246.76.104
676,Rorie,Froome,rfroomeir@engadget.com,Female,142.64.39.119
677,Barnaby,Addenbrooke,baddenbrookeis@issuu.com,Male,6.252.79.66
678,Ainslee,Whalebelly,awhalebellyit@dyndns.org,Female,89.216.44.154
679,Vilma,Salvador,vsalvadoriu@creativecommons.org,Female,194.89.62.157
680,Anderea,Clapton,aclaptoniv@cpanel.net,Female,146.247.21.127
681,Lyon,Klemz,lklemziw@nifty.com,Male,217.209.202.50
682,Dallis,O' Scallan,doscallanix@timesonline.co.uk,Male,106.59.249.65
683,Ross,Fury,rfuryiy@360.cn,Male,47.61.141.117
684,Aile,Camois,acamoisiz@webs.com,Female,89.221.240.48
685,Calypso,Brooksbank,cbrooksbankj0@va.gov,Female,88.58.126.23
686,Fey,Bizzey,fbizzeyj1@is.gd,Female,241.225.173.43
687,Rossy,Letixier,rletixierj2@rambler.ru,Male,166.46.24.230
688,Erena,Dunnan,edunnanj3@123-reg.co.uk,Polygender,205.130.220.53
689,Eustacia,Dufore,eduforej4@photobucket.com,Genderfluid,71.196.240.232
690,Craggy,Spinage,cspinagej5@mozilla.com,Male,123.74.188.152
691,Brynna,Linscott,blinscottj6@discuz.net,Female,31.3.93.189
692,Christel,Satchell,csatchellj7@bizjournals.com,Female,216.135.241.30
693,Feliks,Krolak,fkrolakj8@columbia.edu,Male,196.12.180.162
694,Martyn,Favell,mfavellj9@mlb.com,Male,124.2.19.29
695,Ginger,Bunting,gbuntingja@goodreads.com,Female,204.196.165.102
696,Spenser,Dengel,sdengeljb@symantec.com,Male,164.145.253.3
697,Addie,Millan,amillanjc@imageshack.us,Male,243.167.170.111
698,Melesa,Beagan,mbeaganjd@delicious.com,Non-binary,91.133.190.159
699,Fowler,Eastridge,feastridgeje@pcworld.com,Male,89.13.163.241
700,Selena,Lum,slumjf@163.com,Female,154.37.4.255
701,Rosalyn,Collie,rcolliejg@uiuc.edu,Female,177.147.127.114
702,Kirstyn,Pimlett,kpimlettjh@photobucket.com,Female,219.237.115.192
703,Clarette,Aulsford,caulsfordji@webeden.co.uk,Female,241.16.182.85
704,Jacklyn,Golbourn,jgolbournjj@parallels.com,Female,170.146.149.9
705,Eleen,Barbrick,ebarbrickjk@hatena.ne.jp,Female,33.93.106.145
706,Cookie,Khotler,ckhotlerjl@mozilla.com,Female,59.45.211.6
707,Kamila,Kopisch,kkopischjm@purevolume.com,Female,41.246.70.150
708,Aldin,Blabie,ablabiejn@360.cn,Male,217.160.13.89
709,Tiffany,Vicary,tvicaryjo@digg.com,Genderqueer,147.29.9.201
710,Isiahi,Vermer,ivermerjp@cargocollective.com,Male,86.99.77.33
711,Ollie,Barthelet,obartheletjq@sciencedirect.com,Male,48.41.72.102
712,Kane,Eckels,keckelsjr@go.com,Male,192.192.181.44
713,Lizzie,Hucknall,lhucknalljs@merriam-webster.com,Female,56.174.23.48
714,Pamella,Arniz,parnizjt@economist.com,Female,221.144.193.131
715,Ashley,Harcombe,aharcombeju@accuweather.com,Male,105.247.181.114
716,Bobbi,Gori,bgorijv@so-net.ne.jp,Female,233.187.36.90
717,Bobby,Strongitharm,bstrongitharmjw@nsw.gov.au,Agender,202.237.111.60
718,Timmy,Brackpool,tbrackpooljx@icq.com,Male,25.170.102.24
719,Barde,Del Checolo,bdelchecolojy@sogou.com,Male,29.10.112.50
720,Alta,Bakesef,abakesefjz@4shared.com,Female,204.101.202.38
721,Lorianna,Skipsey,lskipseyk0@cyberchimps.com,Female,116.224.73.215
722,Gabby,Kippax,gkippaxk1@topsy.com,Male,115.25.201.195
723,Scarlet,De Blasi,sdeblasik2@shop-pro.jp,Genderqueer,82.78.119.85
724,Simeon,Gallen,sgallenk3@nbcnews.com,Male,5.133.14.32
725,Larina,O'Halligan,lohalligank4@cnn.com,Bigender,59.187.53.206
726,Kristel,Dymidowicz,kdymidowiczk5@hp.com,Female,35.53.48.93
727,Lonnie,Neem,lneemk6@sitemeter.com,Female,191.156.187.143
728,Maximilian,Poetz,mpoetzk7@fda.gov,Polygender,110.102.236.190
729,Angela,MacPaike,amacpaikek8@opensource.org,Non-binary,167.230.65.41
730,Berke,Wackett,bwackettk9@etsy.com,Male,36.189.30.117
731,Robb,Mabbe,rmabbeka@patch.com,Genderfluid,157.75.189.187
732,Lauree,Kunzelmann,lkunzelmannkb@php.net,Female,67.104.20.157
733,Irving,Holtham,iholthamkc@skyrock.com,Male,242.192.96.231
734,Tybi,McGivena,tmcgivenakd@technorati.com,Female,189.120.125.210
735,Bryant,Morillas,bmorillaske@wufoo.com,Male,214.170.46.179
736,Jennica,Grealy,jgrealykf@plala.or.jp,Agender,132.167.80.124
737,Antin,Glancey,aglanceykg@imdb.com,Male,221.160.30.105
738,Janel,Collyer,jcollyerkh@go.com,Female,107.98.124.79
739,Edith,Cotterrill,ecotterrillki@t.co,Female,240.102.79.8
740,Retha,Lindstrom,rlindstromkj@sfgate.com,Bigender,41.241.113.144
741,Ritchie,Runge,rrungekk@furl.net,Male,146.143.4.17
742,Jody,Duckers,jduckerskl@globo.com,Male,73.64.88.9
743,Glenine,Babon,gbabonkm@sogou.com,Female,128.29.39.61
744,Justus,Saby,jsabykn@shutterfly.com,Male,203.150.59.214
745,Arni,Cliburn,acliburnko@unicef.org,Male,101.23.16.113
746,Natividad,Penkethman,npenkethmankp@yelp.com,Female,45.44.174.193
747,Aaron,Dudliston,adudlistonkq@ox.ac.uk,Male,64.158.13.56
748,Adam,Moreman,amoremankr@shinystat.com,Male,144.217.130.68
749,Ronald,Menelaws,rmenelawsks@sun.com,Male,143.102.218.229
750,Ester,Birwhistle,ebirwhistlekt@arizona.edu,Genderqueer,111.95.161.206
751,Tania,Harwell,tharwellku@i2i.jp,Genderfluid,231.141.81.221
752,Scarlett,MacCallum,smaccallumkv@youtube.com,Female,212.151.235.222
753,Farrel,Wittleton,fwittletonkw@irs.gov,Male,188.225.188.60
754,Ethelyn,MacDavitt,emacdavittkx@clickbank.net,Female,110.158.92.13
755,Jeniffer,Meenan,jmeenanky@hp.com,Female,63.112.105.250
756,Candra,Burnall,cburnallkz@noaa.gov,Female,242.250.26.182
757,Tobin,Woodard,twoodardl0@google.cn,Male,150.24.115.183
758,Raff,Linny,rlinnyl1@ycombinator.com,Male,195.176.255.20
759,Cindee,Flay,cflayl2@techcrunch.com,Female,109.91.217.27
760,Ludovico,Fellman,lfellmanl3@businessweek.com,Male,151.136.112.210
761,Sam,Scurrah,sscurrahl4@eepurl.com,Polygender,26.122.124.82
762,Elsie,Rives,erivesl5@mit.edu,Female,153.110.88.76
763,Gaby,Olekhov,golekhovl6@creativecommons.org,Male,24.218.8.223
764,Zonda,Kingswold,zkingswoldl7@github.io,Female,79.244.166.79
765,Rozalin,Seckington,rseckingtonl8@biblegateway.com,Female,157.115.229.204
766,Dennie,Steade,dsteadel9@tamu.edu,Male,179.109.233.36
767,Mario,Fenby,mfenbyla@japanpost.jp,Male,74.40.26.205
768,Dorey,LAbbet,dlabbetlb@wsj.com,Male,61.244.66.81
769,Flora,Whorton,fwhortonlc@amazon.com,Genderqueer,126.235.20.133
770,Ruddy,Burril,rburrilld@hostgator.com,Male,81.53.155.146
771,Emlyn,Trunchion,etrunchionle@google.co.uk,Male,161.124.177.133
772,Euell,Gilhoolie,egilhoolielf@macromedia.com,Male,104.251.193.71
773,Maddy,Burlingame,mburlingamelg@last.fm,Male,196.243.218.9
774,Mirelle,Craven,mcravenlh@accuweather.com,Female,10.73.60.58
775,Lana,Stieger,lstiegerli@epa.gov,Female,170.119.57.184
776,Byrann,Marchbank,bmarchbanklj@nationalgeographic.com,Male,229.141.69.212
777,Luca,Payley,lpayleylk@live.com,Male,137.176.116.122
778,Meade,Morrallee,mmorralleell@ameblo.jp,Female,0.202.132.186
779,Jerrine,Nyssens,jnyssenslm@t-online.de,Female,175.148.229.251
780,Trudi,Nielson,tnielsonln@plala.or.jp,Female,117.187.166.144
781,Klemens,Bullough,kbulloughlo@trellian.com,Male,61.11.79.79
782,Lind,Shakelade,lshakeladelp@typepad.com,Female,248.220.57.9
783,Karlotta,Broadbear,kbroadbearlq@deliciousdays.com,Female,90.13.243.34
784,Vasili,Fawke,vfawkelr@guardian.co.uk,Male,34.249.43.137
785,Zoe,Benting,zbentingls@blogs.com,Female,109.59.38.128
786,Hilliary,Seyfart,hseyfartlt@so-net.ne.jp,Female,166.93.238.187
787,Bridgette,Laguerre,blaguerrelu@reverbnation.com,Polygender,105.39.55.72
788,Lenard,Roalfe,lroalfelv@mail.ru,Male,152.255.248.236
789,Nona,Foort,nfoortlw@cnbc.com,Female,202.239.8.41
790,Lyssa,Olerenshaw,lolerenshawlx@meetup.com,Female,158.147.33.148
791,Gaven,Mattacks,gmattacksly@discuz.net,Male,155.130.230.136
792,Timothea,Hollidge,thollidgelz@reference.com,Female,185.56.79.44
793,Bartram,Hellyer,bhellyerm0@earthlink.net,Male,192.225.104.133
794,Nananne,Etherington,netheringtonm1@a8.net,Female,144.152.66.94
795,Matias,Spowart,mspowartm2@fastcompany.com,Male,41.43.66.11
796,Ole,McGahy,omcgahym3@webs.com,Male,39.226.165.91
797,Thornton,Halleybone,thalleybonem4@webs.com,Male,150.66.9.233
798,Nestor,Scherme,nschermem5@over-blog.com,Male,105.182.151.102
799,Astra,Farens,afarensm6@domainmarket.com,Female,156.41.224.248
800,Barbi,Dobbyn,bdobbynm7@bravesites.com,Female,99.197.1.186
801,Loralie,McCadden,lmccaddenm8@samsung.com,Female,226.26.54.109
802,Alastair,De Freyne,adefreynem9@fc2.com,Male,221.148.95.231
803,Leena,Woodier,lwoodierma@yolasite.com,Female,226.82.18.43
804,Brittne,Fendlow,bfendlowmb@gmpg.org,Female,241.230.64.144
805,Giffard,Russel,grusselmc@drupal.org,Male,219.168.102.229
806,Spencer,Bliven,sblivenmd@census.gov,Male,71.225.36.176
807,Hatti,Mikalski,hmikalskime@rakuten.co.jp,Female,78.254.250.172
808,Waldemar,Lillow,wlillowmf@t.co,Male,114.158.185.188
809,Ulberto,Rylett,urylettmg@gravatar.com,Male,180.10.69.100
810,Augie,Francello,afrancellomh@vistaprint.com,Male,194.84.29.208
811,Sofia,Calderbank,scalderbankmi@ucoz.com,Female,92.238.219.155
812,Morse,Rasor,mrasormj@addthis.com,Male,108.174.49.176
813,Gunilla,Breckwell,gbreckwellmk@i2i.jp,Female,187.6.20.76
814,Malina,Shambrook,mshambrookml@123-reg.co.uk,Female,94.15.63.172
815,Porter,O'dell,podellmm@wufoo.com,Polygender,179.92.250.26
816,Klara,Hilley,khilleymn@cisco.com,Female,15.253.242.20
817,Bendite,Coushe,bcoushemo@slate.com,Female,39.83.66.161
818,Joseph,Keeney,jkeeneymp@vkontakte.ru,Male,139.237.208.55
819,Terri,Iverson,tiversonmq@amazon.co.uk,Male,191.17.144.18
820,Mateo,Theis,mtheismr@time.com,Male,65.215.101.104
821,Jolyn,Elgie,jelgiems@illinois.edu,Female,108.181.80.29
822,Birch,Siggs,bsiggsmt@parallels.com,Non-binary,23.246.30.194
823,Garvy,Rosenfelder,grosenfeldermu@barnesandnoble.com,Male,94.208.194.52
824,Myrlene,Humbell,mhumbellmv@privacy.gov.au,Female,9.126.213.205
825,Merrill,Gascone,mgasconemw@cisco.com,Polygender,170.193.86.232
826,Laryssa,Sudworth,lsudworthmx@last.fm,Female,229.161.49.115
827,Harrietta,Scholey,hscholeymy@boston.com,Female,55.86.153.44
828,Sidnee,MacFarlan,smacfarlanmz@123-reg.co.uk,Male,105.158.113.253
829,Joachim,Petri,jpetrin0@mail.ru,Male,105.94.107.142
830,James,Rash,jrashn1@amazon.com,Non-binary,222.134.184.21
831,Hilliard,Moller,hmollern2@icio.us,Male,120.11.2.144
832,Billie,Kirrage,bkirragen3@github.com,Male,232.88.72.93
833,Daniela,Greenman,dgreenmann4@baidu.com,Female,180.31.39.163
834,Willamina,Staines,wstainesn5@yelp.com,Female,163.198.83.205
835,Cary,Bottrill,cbottrilln6@g.co,Female,87.82.203.35
836,Karel,Southerden,ksoutherdenn7@360.cn,Male,126.231.50.212
837,Olenka,Baud,obaudn8@unc.edu,Female,2.93.103.132
838,Hugo,Burle,hburlen9@twitter.com,Male,245.161.172.207
839,Randal,Ganning,rganningna@phoca.cz,Male,60.214.74.105
840,Adlai,Bromfield,abromfieldnb@dot.gov,Male,179.94.87.26
841,Kelci,McGilvary,kmcgilvarync@unblog.fr,Female,154.191.90.167
842,Renado,Crohan,rcrohannd@twitter.com,Male,243.58.82.215
843,Johanna,Steely,jsteelyne@amazonaws.com,Female,117.161.204.169
844,Renaldo,Autin,rautinnf@instagram.com,Male,7.243.230.227
845,Jakie,Vallentine,jvallentineng@cnbc.com,Male,142.108.187.169
846,Charlotte,Elcock,celcocknh@mashable.com,Female,142.152.28.43
847,Thoma,Vahey,tvaheyni@slate.com,Male,166.160.55.159
848,Margeaux,Narramore,mnarramorenj@gov.uk,Female,142.88.67.101
849,Abbye,Ciccarello,aciccarellonk@nydailynews.com,Female,67.80.175.138
850,Eugenie,Adne,eadnenl@icq.com,Female,43.227.72.252
851,Karlik,Choules,kchoulesnm@indiegogo.com,Male,231.135.19.14
852,Krystle,Placstone,kplacstonenn@cam.ac.uk,Female,124.229.254.51
853,Magda,Vanacci,mvanaccino@netlog.com,Female,218.97.127.97
854,Vasilis,Gouck,vgoucknp@xinhuanet.com,Male,48.209.188.216
855,Abbi,Cyson,acysonnq@diigo.com,Female,220.206.97.87
856,Calley,Nortunen,cnortunennr@time.com,Female,64.1.84.46
857,Ingemar,Murtell,imurtellns@amazon.de,Male,125.252.26.202
858,Correy,Normabell,cnormabellnt@berkeley.edu,Female,23.168.66.108
859,Marion,Danett,mdanettnu@berkeley.edu,Male,16.26.71.88
860,Alla,Whetson,awhetsonnv@army.mil,Female,169.145.240.5
861,Darby,Colhoun,dcolhounnw@csmonitor.com,Male,103.36.50.104
862,Marv,Levee,mleveenx@reuters.com,Male,97.244.235.104
863,Akim,McDirmid,amcdirmidny@mapy.cz,Male,247.121.82.159
864,Basia,Sparsholt,bsparsholtnz@tamu.edu,Female,245.211.73.153
865,Nicky,Lashmore,nlashmoreo0@marriott.com,Male,84.209.215.132
866,Rubi,Farrent,rfarrento1@ted.com,Female,111.91.242.145
867,Nerte,Sarsfield,nsarsfieldo2@yellowpages.com,Female,205.116.74.63
868,Wallie,Hubbuck,whubbucko3@devhub.com,Female,245.176.200.133
869,Chanda,McAvey,cmcaveyo4@behance.net,Female,195.246.130.232
870,Gerrilee,Player,gplayero5@disqus.com,Female,144.98.206.175
871,Tove,Comins,tcominso6@uol.com.br,Female,20.110.148.57
872,Lisle,Yarmouth,lyarmoutho7@instagram.com,Male,51.155.136.242
873,Travus,Josling,tjoslingo8@google.com,Male,136.115.250.8
874,Gert,Edgehill,gedgehillo9@nyu.edu,Female,167.142.110.37
875,Skelly,Guerry,sguerryoa@usgs.gov,Male,41.106.23.180
876,Fredi,Hallihane,fhallihaneob@state.gov,Female,249.12.176.212
877,Frederique,Prugel,fprugeloc@dropbox.com,Female,164.177.240.251
878,Martita,Kasting,mkastingod@godaddy.com,Female,74.38.198.152
879,Filmer,Thor,fthoroe@comsenz.com,Male,29.27.94.106
880,Hilary,Cumbers,hcumbersof@desdev.cn,Agender,166.212.89.227
881,Vite,Chase,vchaseog@homestead.com,Male,121.225.150.176
882,Lydon,Yerill,lyerilloh@usatoday.com,Male,67.160.56.121
883,Breanne,Kilban,bkilbanoi@bbc.co.uk,Female,172.71.212.210
884,Walker,Menendez,wmenendezoj@sakura.ne.jp,Male,10.183.175.33
885,Ugo,Cronshaw,ucronshawok@hexun.com,Male,133.144.69.163
886,Karlyn,Haddick,khaddickol@loc.gov,Female,145.83.28.117
887,Clementia,Breakey,cbreakeyom@wikipedia.org,Bigender,166.56.250.201
888,Antone,Gherardelli,agherardellion@wix.com,Male,89.121.80.224
889,Sheffield,Batters,sbattersoo@stanford.edu,Bigender,59.223.179.236
890,Randall,Suerz,rsuerzop@ox.ac.uk,Bigender,75.216.88.145
891,Gayla,Heggs,gheggsoq@smh.com.au,Female,53.254.221.149
892,Dyna,Tiddeman,dtiddemanor@earthlink.net,Female,98.3.241.170
893,Konstantine,Simonyi,ksimonyios@oaic.gov.au,Male,63.151.220.212
894,Melany,Beumant,mbeumantot@people.com.cn,Polygender,0.116.155.45
895,Caria,Spatarul,cspatarulou@addtoany.com,Non-binary,201.239.56.238
896,Dorian,Ivoshin,divoshinov@csmonitor.com,Female,235.195.44.65
897,Leroy,Phil,lphilow@nasa.gov,Male,164.234.149.71
898,Bernetta,Sidwell,bsidwellox@ocn.ne.jp,Female,231.175.198.86
899,June,Pigeon,jpigeonoy@mysql.com,Female,143.134.247.103
900,Tadeas,Sibthorp,tsibthorpoz@myspace.com,Male,222.199.225.218
901,Andre,Corderoy,acorderoyp0@diigo.com,Male,5.208.193.20
902,Buiron,Truelock,btruelockp1@china.com.cn,Male,226.145.88.20
903,Mohandas,Satch,msatchp2@discuz.net,Male,179.244.15.188
904,Marley,Dent,mdentp3@barnesandnoble.com,Female,220.183.229.113
905,Riobard,Franzman,rfranzmanp4@businessweek.com,Male,125.218.218.38
906,Lilah,Guihen,lguihenp5@example.com,Female,9.42.252.177
907,Lelah,Choules,lchoulesp6@cloudflare.com,Female,73.236.139.196
908,Amelie,Mufford,amuffordp7@ehow.com,Female,161.25.199.8
909,Pattin,Hedditch,phedditchp8@tumblr.com,Polygender,233.118.249.178
910,Giusto,Malcher,gmalcherp9@infoseek.co.jp,Male,176.140.3.43
911,Nonie,Koppe,nkoppepa@java.com,Female,26.17.118.230
912,Georgy,Perschke,gperschkepb@whitehouse.gov,Male,67.100.101.35
913,Glen,Tomczak,gtomczakpc@cisco.com,Female,65.97.167.165
914,Ker,Hambatch,khambatchpd@cyberchimps.com,Male,122.26.194.13
915,Marieann,Soulsby,msoulsbype@dyndns.org,Female,53.23.23.232
916,Nobie,Welberry,nwelberrypf@xing.com,Male,226.29.156.67
917,Ham,Bainbridge,hbainbridgepg@mashable.com,Male,212.250.176.74
918,Lenora,Malimoe,lmalimoeph@w3.org,Female,55.142.13.170
919,Odilia,Keyse,okeysepi@newyorker.com,Female,26.179.81.195
920,Ferdinande,Perrie,fperriepj@omniture.com,Female,214.58.11.190
921,Kayley,Ilott,kilottpk@bandcamp.com,Genderfluid,214.61.160.147
922,Cordy,Hubback,chubbackpl@intel.com,Female,14.41.199.25
923,Lucais,Randlesome,lrandlesomepm@slashdot.org,Male,151.108.249.170
924,Shanta,Balser,sbalserpn@boston.com,Female,83.219.126.14
925,Hubey,Vasey,hvaseypo@nih.gov,Male,153.172.11.100
926,Ileana,Kagan,ikaganpp@miibeian.gov.cn,Female,134.182.104.118
927,Nissie,Dutteridge,ndutteridgepq@typepad.com,Female,74.225.121.46
928,Beitris,Dobrovolny,bdobrovolnypr@irs.gov,Female,222.240.55.29
929,Nessa,Brislawn,nbrislawnps@freewebs.com,Female,25.18.147.239
930,Lynnell,Mathy,lmathypt@nytimes.com,Female,88.212.74.97
931,Rowan,Low,rlowpu@ucsd.edu,Male,137.72.76.2
932,Emanuel,Domoney,edomoneypv@naver.com,Male,206.41.248.88
933,Mae,McGourty,mmcgourtypw@nhs.uk,Female,148.178.60.252
934,Judah,Pordall,jpordallpx@qq.com,Male,40.210.166.230
935,Ring,Talbot,rtalbotpy@gravatar.com,Male,29.152.2.161
936,Cynde,Bracco,cbraccopz@edublogs.org,Female,240.61.208.254
937,Boy,Tefft,btefftq0@oakley.com,Male,2.207.222.9
938,Saunder,Philipet,sphilipetq1@redcross.org,Male,234.93.26.206
939,Joel,Raccio,jraccioq2@sun.com,Male,51.49.201.114
940,Cyndia,Burril,cburrilq3@t.co,Female,159.192.39.135
941,Maye,Gilsthorpe,mgilsthorpeq4@live.com,Female,56.154.161.100
942,Lizabeth,Seide,lseideq5@ow.ly,Female,62.186.6.67
943,Darn,Hobble,dhobbleq6@washingtonpost.com,Male,178.58.186.184
944,Alonzo,Rydings,arydingsq7@reference.com,Male,200.23.79.43
945,Waylin,Sizland,wsizlandq8@hp.com,Male,108.195.208.241
946,Axe,Bushen,abushenq9@ycombinator.com,Male,78.32.130.216
947,Park,Longridge,plongridgeqa@ameblo.jp,Male,52.238.109.185
948,Theodoric,McReynold,tmcreynoldqb@twitter.com,Male,124.48.109.88
949,Haskel,Losebie,hlosebieqc@va.gov,Male,198.155.6.118
950,Ynez,Millson,ymillsonqd@wisc.edu,Non-binary,234.156.239.160
951,Bradford,Challens,bchallensqe@nih.gov,Male,19.113.51.37
952,Rafael,Nizet,rnizetqf@blog.com,Male,0.236.13.70
953,Bonni,Thickin,bthickinqg@berkeley.edu,Female,169.112.128.15
954,Jermayne,McLane,jmclaneqh@diigo.com,Male,41.147.189.40
955,Vivie,Whatman,vwhatmanqi@chicagotribune.com,Female,208.39.187.203
956,Bancroft,Bernhardi,bbernhardiqj@github.com,Male,105.255.200.252
957,Maddy,Josipovitz,mjosipovitzqk@shinystat.com,Male,12.53.164.24
958,Carmine,Blinde,cblindeql@biblegateway.com,Male,252.179.192.87
959,Silvano,Fisby,sfisbyqm@theatlantic.com,Male,155.2.225.20
960,Walt,O'Scollain,woscollainqn@java.com,Male,152.85.106.1
961,Griffy,Dearle-Palser,gdearlepalserqo@cnn.com,Male,141.173.70.247
962,Markos,Geraud,mgeraudqp@reverbnation.com,Male,154.237.38.107
963,Zelig,Sleney,zsleneyqq@example.com,Male,15.54.119.175
964,Roy,Allpress,rallpressqr@samsung.com,Male,40.56.76.2
965,Kipp,Brodest,kbrodestqs@mtv.com,Female,192.128.247.13
966,Brnaby,Spirritt,bspirrittqt@hibu.com,Male,237.41.177.97
967,Kenton,Stallard,kstallardqu@businessweek.com,Male,52.225.209.230
968,Alexandre,Tungay,atungayqv@meetup.com,Male,147.214.175.214
969,Cami,Amorts,camortsqw@zimbio.com,Female,198.235.160.218
970,Si,Liddon,sliddonqx@wisc.edu,Male,123.77.219.160
971,Karrie,Bancroft,kbancroftqy@house.gov,Polygender,48.254.157.67
972,Celina,Sedgebeer,csedgebeerqz@ftc.gov,Female,144.127.245.237
973,Forster,Lumox,flumoxr0@abc.net.au,Male,26.21.147.153
974,Judon,Danslow,jdanslowr1@multiply.com,Male,35.72.12.55
975,Stanton,Sleney,ssleneyr2@cbslocal.com,Male,44.79.182.55
976,Prent,Mulberry,pmulberryr3@vk.com,Male,190.74.100.115
977,Shellie,Lawful,slawfulr4@i2i.jp,Female,249.29.147.238
978,Carley,Insull,cinsullr5@businesswire.com,Female,104.216.4.135
979,Mendie,Tobias,mtobiasr6@dailymotion.com,Male,55.191.128.87
980,Carter,Garrish,cgarrishr7@scribd.com,Male,195.88.176.36
981,Hanan,Auton,hautonr8@netscape.com,Male,32.77.129.47
982,Fielding,Coleby,fcolebyr9@wp.com,Male,88.252.101.98
983,Immanuel,Edmondson,iedmondsonra@ustream.tv,Male,122.161.89.71
984,Loreen,Andree,landreerb@cbslocal.com,Female,148.100.74.243
985,Jedidiah,Tattershaw,jtattershawrc@google.de,Male,135.99.248.45
986,Antone,Beedon,abeedonrd@latimes.com,Male,227.105.167.215
987,Robenia,Hightown,rhightownre@geocities.jp,Female,176.232.129.0
988,Coralyn,Staines,cstainesrf@ca.gov,Agender,200.169.251.208
989,Maryjo,Searle,msearlerg@mapquest.com,Female,193.198.227.226
990,Jaymie,Klausen,jklausenrh@constantcontact.com,Male,249.74.137.219
991,Sara-ann,O'Kelly,sokellyri@miibeian.gov.cn,Female,28.205.187.239
992,Dyane,Horsted,dhorstedrj@tripod.com,Female,234.151.18.165
993,Dyna,Fry,dfryrk@clickbank.net,Female,144.152.209.117
994,Efrem,Toghill,etoghillrl@go.com,Male,139.19.190.100
995,Feodor,Bortoletti,fbortolettirm@utexas.edu,Male,56.125.129.143
996,Dorey,Owain,dowainrn@last.fm,Female,183.82.202.5
997,Ferd,Faithfull,ffaithfullro@dailymotion.com,Male,127.44.126.122
998,Lowrance,Dollard,ldollardrp@discuz.net,Genderfluid,227.127.104.239
999,Bridgette,Jemmett,bjemmettrq@themeforest.net,Female,36.245.106.139
1000,Hilda,Gatherer,hgathererrr@stanford.edu,Female,192.109.124.219
